damage_type,coverage_type,vehicle_category,repair_cost_low_usd,repair_cost_high_usd,repair_cost_avg_usd,typical_labor_hours,parts_availability,notes
Front bumper replacement,Collision,Economy/Compact,650,1850,1250,3.4,Ready (1-2 days),
Front bumper replacement,Collision,Mid-size Sedan,800,2200,1500,6.9,Ready (1-2 days),
Front bumper replacement,Collision,Full-size Sedan,850,2400,1600,6.2,Ready (1-2 days),
Front bumper replacement,Collision,Compact SUV/Crossover,900,2500,1700,1.6,Standard (3-5 days),
Front bumper replacement,Collision,Mid-size SUV,1000,2750,1850,1.4,Ready (1-2 days),
Front bumper replacement,Collision,Full-size SUV/Truck,1100,3050,2050,1.9,Ready (1-2 days),
Front bumper replacement,Collision,Luxury Sedan,1300,3600,2450,7.5,Extended (1-2 weeks),
Front bumper replacement,Collision,Luxury SUV,1400,3950,2650,3.1,Ready (1-2 days),
Rear bumper replacement,Collision,Economy/Compact,550,1700,1100,5.0,Extended (1-2 weeks),
Rear bumper replacement,Collision,Mid-size Sedan,700,2000,1350,5.6,Ready (1-2 days),
Rear bumper replacement,Collision,Full-size Sedan,750,2200,1450,9.5,Ready (1-2 days),
Rear bumper replacement,Collision,Compact SUV/Crossover,800,2300,1550,9.0,Ready (1-2 days),
Rear bumper replacement,Collision,Mid-size SUV,850,2500,1650,2.4,Ready (1-2 days),
Rear bumper replacement,Collision,Full-size SUV/Truck,950,2800,1850,4.5,Extended (1-2 weeks),
Rear bumper replacement,Collision,Luxury Sedan,1150,3300,2200,3.5,Standard (3-5 days),
Rear bumper replacement,Collision,Luxury SUV,1250,3600,2400,10.6,Ready (1-2 days),
Front bumper repair (minor),Collision,Economy/Compact,150,500,300,1.5,Ready (1-2 days),
Front bumper repair (minor),Collision,Mid-size Sedan,200,600,400,1.1,Ready (1-2 days),
Front bumper repair (minor),Collision,Full-size Sedan,200,650,400,2.1,Ready (1-2 days),
Front bumper repair (minor),Collision,Compact SUV/Crossover,200,650,400,1.5,Standard (3-5 days),
Front bumper repair (minor),Collision,Mid-size SUV,250,750,500,2.1,Ready (1-2 days),
Front bumper repair (minor),Collision,Full-size SUV/Truck,250,800,500,2.9,Standard (3-5 days),
Front bumper repair (minor),Collision,Luxury Sedan,300,950,600,1.7,Standard (3-5 days),
Front bumper repair (minor),Collision,Luxury SUV,350,1050,700,2.9,Extended (1-2 weeks),
Hood replacement,Collision,Economy/Compact,750,2350,1550,7.8,Ready (1-2 days),
Hood replacement,Collision,Mid-size Sedan,900,2800,1850,12.1,Ready (1-2 days),
Hood replacement,Collision,Full-size Sedan,950,3050,2000,6.2,Standard (3-5 days),
Hood replacement,Collision,Compact SUV/Crossover,1000,3200,2100,3.0,Ready (1-2 days),
Hood replacement,Collision,Mid-size SUV,1100,3500,2300,1.6,Standard (3-5 days),
Hood replacement,Collision,Full-size SUV/Truck,1250,3900,2550,13.2,Standard (3-5 days),
Hood replacement,Collision,Luxury Sedan,1450,4600,3000,17.6,Ready (1-2 days),
Hood replacement,Collision,Luxury SUV,1600,5000,3300,15.6,Standard (3-5 days),
Hood dent repair,Collision,Economy/Compact,250,750,500,2.4,Ready (1-2 days),
Hood dent repair,Collision,Mid-size Sedan,300,900,600,3.5,Extended (1-2 weeks),
Hood dent repair,Collision,Full-size Sedan,300,950,600,2.4,Standard (3-5 days),
Hood dent repair,Collision,Compact SUV/Crossover,300,1000,650,1.2,Standard (3-5 days),
Hood dent repair,Collision,Mid-size SUV,350,1100,700,3.4,Specialty (2-4 weeks),
Hood dent repair,Collision,Full-size SUV/Truck,400,1250,800,4.6,Ready (1-2 days),
Hood dent repair,Collision,Luxury Sedan,450,1450,950,3.1,Standard (3-5 days),
Hood dent repair,Collision,Luxury SUV,500,1600,1050,1.1,Ready (1-2 days),
Fender replacement (front),Collision,Economy/Compact,400,1500,950,1.9,Ready (1-2 days),
Fender replacement (front),Collision,Mid-size Sedan,500,1800,1150,1.4,Standard (3-5 days),
Fender replacement (front),Collision,Full-size Sedan,550,1950,1250,1.9,Ready (1-2 days),
Fender replacement (front),Collision,Compact SUV/Crossover,550,2050,1300,4.0,Extended (1-2 weeks),
Fender replacement (front),Collision,Mid-size SUV,600,2250,1400,1.7,Ready (1-2 days),
Fender replacement (front),Collision,Full-size SUV/Truck,700,2500,1600,6.3,Extended (1-2 weeks),
Fender replacement (front),Collision,Luxury Sedan,800,2950,1850,10.3,Extended (1-2 weeks),
Fender replacement (front),Collision,Luxury SUV,900,3200,2050,4.5,Ready (1-2 days),
Fender repair (minor dent),Collision,Economy/Compact,100,400,250,1.4,Extended (1-2 weeks),
Fender repair (minor dent),Collision,Mid-size Sedan,150,500,300,2.0,Ready (1-2 days),
Fender repair (minor dent),Collision,Full-size Sedan,150,550,350,1.2,Ready (1-2 days),
Fender repair (minor dent),Collision,Compact SUV/Crossover,150,550,350,1.3,Ready (1-2 days),
Fender repair (minor dent),Collision,Mid-size SUV,150,600,350,1.8,Ready (1-2 days),
Fender repair (minor dent),Collision,Full-size SUV/Truck,200,700,450,1.0,Ready (1-2 days),
Fender repair (minor dent),Collision,Luxury Sedan,200,800,500,1.9,Standard (3-5 days),
Fender repair (minor dent),Collision,Luxury SUV,250,900,550,3.5,Standard (3-5 days),
Door replacement (front),Collision,Economy/Compact,650,2100,1350,5.1,Standard (3-5 days),
Door replacement (front),Collision,Mid-size Sedan,800,2500,1650,7.8,Ready (1-2 days),
Door replacement (front),Collision,Full-size Sedan,850,2750,1800,10.9,Standard (3-5 days),
Door replacement (front),Collision,Compact SUV/Crossover,900,2850,1850,10.9,Standard (3-5 days),
Door replacement (front),Collision,Mid-size SUV,1000,3100,2050,6.0,Ready (1-2 days),
Door replacement (front),Collision,Full-size SUV/Truck,1100,3500,2300,2.5,Standard (3-5 days),
Door replacement (front),Collision,Luxury Sedan,1300,4100,2700,2.1,Ready (1-2 days),
Door replacement (front),Collision,Luxury SUV,1400,4500,2950,4.9,Ready (1-2 days),
Door replacement (rear),Collision,Economy/Compact,550,1850,1200,3.4,Ready (1-2 days),
Door replacement (rear),Collision,Mid-size Sedan,700,2200,1450,1.0,Ready (1-2 days),
Door replacement (rear),Collision,Full-size Sedan,750,2400,1550,1.9,Ready (1-2 days),
Door replacement (rear),Collision,Compact SUV/Crossover,800,2500,1650,1.3,Extended (1-2 weeks),
Door replacement (rear),Collision,Mid-size SUV,850,2750,1800,7.8,Ready (1-2 days),
Door replacement (rear),Collision,Full-size SUV/Truck,950,3050,2000,4.1,Ready (1-2 days),
Door replacement (rear),Collision,Luxury Sedan,1150,3600,2350,6.3,Ready (1-2 days),
Door replacement (rear),Collision,Luxury SUV,1250,3950,2600,14.9,Specialty (2-4 weeks),
Door dent repair (paintless),Collision,Economy/Compact,50,300,150,1.5,Ready (1-2 days),
Door dent repair (paintless),Collision,Mid-size Sedan,100,400,250,1.1,Ready (1-2 days),
Door dent repair (paintless),Collision,Full-size Sedan,100,400,250,1.3,Ready (1-2 days),
Door dent repair (paintless),Collision,Compact SUV/Crossover,100,450,250,1.8,Ready (1-2 days),
Door dent repair (paintless),Collision,Mid-size SUV,100,500,300,1.0,Specialty (2-4 weeks),
Door dent repair (paintless),Collision,Full-size SUV/Truck,100,550,300,1.5,Ready (1-2 days),
Door dent repair (paintless),Collision,Luxury Sedan,150,650,400,1.9,Ready (1-2 days),
Door dent repair (paintless),Collision,Luxury SUV,150,700,400,1.9,Specialty (2-4 weeks),
Trunk lid replacement,Collision,Economy/Compact,500,1500,1000,5.9,Standard (3-5 days),
Trunk lid replacement,Collision,Mid-size Sedan,600,1800,1200,2.8,Ready (1-2 days),
Trunk lid replacement,Collision,Full-size Sedan,650,1950,1300,2.3,Standard (3-5 days),
Trunk lid replacement,Collision,Compact SUV/Crossover,650,2050,1350,5.3,Standard (3-5 days),
Trunk lid replacement,Collision,Mid-size SUV,750,2250,1500,4.0,Ready (1-2 days),
Trunk lid replacement,Collision,Full-size SUV/Truck,800,2500,1650,9.1,Specialty (2-4 weeks),
Trunk lid replacement,Collision,Luxury Sedan,950,2950,1950,11.2,Extended (1-2 weeks),
Trunk lid replacement,Collision,Luxury SUV,1050,3200,2100,11.6,Standard (3-5 days),
Quarter panel repair,Collision,Economy/Compact,300,1150,700,1.8,Standard (3-5 days),
Quarter panel repair,Collision,Mid-size Sedan,400,1400,900,2.8,Ready (1-2 days),
Quarter panel repair,Collision,Full-size Sedan,400,1500,950,1.1,Ready (1-2 days),
Quarter panel repair,Collision,Compact SUV/Crossover,450,1600,1000,2.5,Standard (3-5 days),
Quarter panel repair,Collision,Mid-size SUV,500,1750,1100,7.1,Ready (1-2 days),
Quarter panel repair,Collision,Full-size SUV/Truck,550,1950,1250,7.9,Specialty (2-4 weeks),
Quarter panel repair,Collision,Luxury Sedan,650,2300,1450,9.3,Ready (1-2 days),
Quarter panel repair,Collision,Luxury SUV,700,2500,1600,3.1,Ready (1-2 days),
Quarter panel replacement,Collision,Economy/Compact,1000,2950,1950,3.4,Ready (1-2 days),
Quarter panel replacement,Collision,Mid-size Sedan,1200,3500,2350,10.2,Extended (1-2 weeks),
Quarter panel replacement,Collision,Full-size Sedan,1300,3850,2550,14.4,Ready (1-2 days),
Quarter panel replacement,Collision,Compact SUV/Crossover,1350,4000,2650,11.9,Standard (3-5 days),
Quarter panel replacement,Collision,Mid-size SUV,1500,4350,2900,2.6,Standard (3-5 days),
Quarter panel replacement,Collision,Full-size SUV/Truck,1650,4900,3250,19.8,Standard (3-5 days),
Quarter panel replacement,Collision,Luxury Sedan,1950,5750,3850,19.5,Ready (1-2 days),
Quarter panel replacement,Collision,Luxury SUV,2150,6300,4200,5.8,Standard (3-5 days),
Windshield replacement,Comprehensive,Economy/Compact,150,550,350,1.4,Extended (1-2 weeks),
Windshield replacement,Comprehensive,Mid-size Sedan,200,700,450,2.9,Ready (1-2 days),
Windshield replacement,Comprehensive,Full-size Sedan,200,750,450,1.8,Extended (1-2 weeks),
Windshield replacement,Comprehensive,Compact SUV/Crossover,200,800,500,2.7,Ready (1-2 days),
Windshield replacement,Comprehensive,Mid-size SUV,250,850,550,1.3,Ready (1-2 days),
Windshield replacement,Comprehensive,Full-size SUV/Truck,250,950,600,3.7,Extended (1-2 weeks),
Windshield replacement,Comprehensive,Luxury Sedan,300,1150,700,1.5,Extended (1-2 weeks),
Windshield replacement,Comprehensive,Luxury SUV,350,1250,800,5.2,Standard (3-5 days),
Side window replacement,Comprehensive,Economy/Compact,100,350,200,1.4,Standard (3-5 days),
Side window replacement,Comprehensive,Mid-size Sedan,150,450,300,1.1,Ready (1-2 days),
Side window replacement,Comprehensive,Full-size Sedan,150,450,300,2.0,Standard (3-5 days),
Side window replacement,Comprehensive,Compact SUV/Crossover,150,500,300,1.5,Extended (1-2 weeks),
Side window replacement,Comprehensive,Mid-size SUV,150,550,350,1.6,Extended (1-2 weeks),
Side window replacement,Comprehensive,Full-size SUV/Truck,200,600,400,2.4,Ready (1-2 days),
Side window replacement,Comprehensive,Luxury Sedan,200,700,450,1.5,Ready (1-2 days),
Side window replacement,Comprehensive,Luxury SUV,250,800,500,1.6,Standard (3-5 days),
Rear window replacement,Comprehensive,Economy/Compact,200,650,400,1.4,Ready (1-2 days),
Rear window replacement,Comprehensive,Mid-size Sedan,250,800,500,1.3,Extended (1-2 weeks),
Rear window replacement,Comprehensive,Full-size Sedan,250,850,550,1.9,Ready (1-2 days),
Rear window replacement,Comprehensive,Compact SUV/Crossover,250,900,550,2.6,Extended (1-2 weeks),
Rear window replacement,Comprehensive,Mid-size SUV,300,1000,650,2.4,Extended (1-2 weeks),
Rear window replacement,Comprehensive,Full-size SUV/Truck,350,1100,700,2.8,Standard (3-5 days),
Rear window replacement,Comprehensive,Luxury Sedan,400,1300,850,3.4,Ready (1-2 days),
Rear window replacement,Comprehensive,Luxury SUV,450,1400,900,3.2,Ready (1-2 days),
Roof dent repair (hail),Comprehensive,Economy/Compact,650,2950,1800,1.0,Standard (3-5 days),PDR (paintless dent repair) preferred if paint intact; repaint if paint cracked
Roof dent repair (hail),Comprehensive,Mid-size Sedan,800,3500,2150,3.3,Ready (1-2 days),PDR (paintless dent repair) preferred if paint intact; repaint if paint cracked
Roof dent repair (hail),Comprehensive,Full-size Sedan,850,3850,2350,11.6,Standard (3-5 days),PDR (paintless dent repair) preferred if paint intact; repaint if paint cracked
Roof dent repair (hail),Comprehensive,Compact SUV/Crossover,900,4000,2450,6.0,Standard (3-5 days),PDR (paintless dent repair) preferred if paint intact; repaint if paint cracked
Roof dent repair (hail),Comprehensive,Mid-size SUV,1000,4350,2650,10.3,Standard (3-5 days),PDR (paintless dent repair) preferred if paint intact; repaint if paint cracked
Roof dent repair (hail),Comprehensive,Full-size SUV/Truck,1100,4900,3000,3.0,Standard (3-5 days),PDR (paintless dent repair) preferred if paint intact; repaint if paint cracked
Roof dent repair (hail),Comprehensive,Luxury Sedan,1300,5750,3500,6.5,Ready (1-2 days),PDR (paintless dent repair) preferred if paint intact; repaint if paint cracked
Roof dent repair (hail),Comprehensive,Luxury SUV,1400,6300,3850,20.0,Standard (3-5 days),PDR (paintless dent repair) preferred if paint intact; repaint if paint cracked
Full hail damage repair,Comprehensive,Economy/Compact,1700,6800,4250,16.4,Standard (3-5 days),PDR (paintless dent repair) preferred if paint intact; repaint if paint cracked
Full hail damage repair,Comprehensive,Mid-size Sedan,2000,8000,5000,30.5,Ready (1-2 days),PDR (paintless dent repair) preferred if paint intact; repaint if paint cracked
Full hail damage repair,Comprehensive,Full-size Sedan,2200,8800,5500,22.8,Standard (3-5 days),PDR (paintless dent repair) preferred if paint intact; repaint if paint cracked
Full hail damage repair,Comprehensive,Compact SUV/Crossover,2300,9200,5750,20.1,Standard (3-5 days),PDR (paintless dent repair) preferred if paint intact; repaint if paint cracked
Full hail damage repair,Comprehensive,Mid-size SUV,2500,10000,6250,19.4,Standard (3-5 days),PDR (paintless dent repair) preferred if paint intact; repaint if paint cracked
Full hail damage repair,Comprehensive,Full-size SUV/Truck,2800,11200,7000,22.8,Extended (1-2 weeks),PDR (paintless dent repair) preferred if paint intact; repaint if paint cracked
Full hail damage repair,Comprehensive,Luxury Sedan,3300,13200,8250,38.8,Extended (1-2 weeks),PDR (paintless dent repair) preferred if paint intact; repaint if paint cracked
Full hail damage repair,Comprehensive,Luxury SUV,3600,14400,9000,56.6,Ready (1-2 days),PDR (paintless dent repair) preferred if paint intact; repaint if paint cracked
Paint scratch repair (minor),Collision,Economy/Compact,100,500,300,1.6,Extended (1-2 weeks),
Paint scratch repair (minor),Collision,Mid-size Sedan,150,600,350,2.1,Ready (1-2 days),
Paint scratch repair (minor),Collision,Full-size Sedan,150,650,400,1.2,Ready (1-2 days),
Paint scratch repair (minor),Collision,Compact SUV/Crossover,150,650,400,1.1,Ready (1-2 days),
Paint scratch repair (minor),Collision,Mid-size SUV,150,750,450,1.1,Standard (3-5 days),
Paint scratch repair (minor),Collision,Full-size SUV/Truck,200,800,500,2.8,Extended (1-2 weeks),
Paint scratch repair (minor),Collision,Luxury Sedan,200,950,550,1.4,Standard (3-5 days),
Paint scratch repair (minor),Collision,Luxury SUV,250,1050,650,3.2,Ready (1-2 days),
Full panel repaint,Collision,Economy/Compact,400,1250,800,4.8,Specialty (2-4 weeks),
Full panel repaint,Collision,Mid-size Sedan,500,1500,1000,2.2,Specialty (2-4 weeks),
Full panel repaint,Collision,Full-size Sedan,550,1650,1100,3.5,Ready (1-2 days),
Full panel repaint,Collision,Compact SUV/Crossover,550,1700,1100,7.3,Extended (1-2 weeks),
Full panel repaint,Collision,Mid-size SUV,600,1850,1200,2.1,Ready (1-2 days),
Full panel repaint,Collision,Full-size SUV/Truck,700,2100,1400,5.3,Ready (1-2 days),
Full panel repaint,Collision,Luxury Sedan,800,2450,1600,2.9,Ready (1-2 days),
Full panel repaint,Collision,Luxury SUV,900,2700,1800,8.9,Ready (1-2 days),
Full vehicle repaint,Collision,Economy/Compact,2550,6800,4650,17.6,Ready (1-2 days),
Full vehicle repaint,Collision,Mid-size Sedan,3000,8000,5500,1.6,Ready (1-2 days),
Full vehicle repaint,Collision,Full-size Sedan,3300,8800,6050,25.5,Standard (3-5 days),
Full vehicle repaint,Collision,Compact SUV/Crossover,3400,9200,6300,3.6,Specialty (2-4 weeks),
Full vehicle repaint,Collision,Mid-size SUV,3750,10000,6850,36.2,Specialty (2-4 weeks),
Full vehicle repaint,Collision,Full-size SUV/Truck,4200,11200,7700,6.3,Ready (1-2 days),
Full vehicle repaint,Collision,Luxury Sedan,4950,13200,9050,3.3,Standard (3-5 days),
Full vehicle repaint,Collision,Luxury SUV,5400,14400,9900,18.6,Ready (1-2 days),
Headlight assembly replacement,Collision,Economy/Compact,250,1000,600,2.3,Extended (1-2 weeks),
Headlight assembly replacement,Collision,Mid-size Sedan,300,1200,750,4.3,Ready (1-2 days),
Headlight assembly replacement,Collision,Full-size Sedan,300,1300,800,1.6,Extended (1-2 weeks),
Headlight assembly replacement,Collision,Compact SUV/Crossover,300,1350,800,3.5,Standard (3-5 days),
Headlight assembly replacement,Collision,Mid-size SUV,350,1500,900,1.4,Ready (1-2 days),
Headlight assembly replacement,Collision,Full-size SUV/Truck,400,1650,1000,4.9,Ready (1-2 days),
Headlight assembly replacement,Collision,Luxury Sedan,450,1950,1200,1.5,Extended (1-2 weeks),
Headlight assembly replacement,Collision,Luxury SUV,500,2150,1300,5.9,Extended (1-2 weeks),
Headlight lens replacement,Collision,Economy/Compact,50,300,150,1.1,Extended (1-2 weeks),
Headlight lens replacement,Collision,Mid-size Sedan,100,400,250,1.1,Extended (1-2 weeks),
Headlight lens replacement,Collision,Full-size Sedan,100,400,250,1.5,Ready (1-2 days),
Headlight lens replacement,Collision,Compact SUV/Crossover,100,450,250,1.6,Extended (1-2 weeks),
Headlight lens replacement,Collision,Mid-size SUV,100,500,300,1.3,Ready (1-2 days),
Headlight lens replacement,Collision,Full-size SUV/Truck,100,550,300,1.5,Ready (1-2 days),
Headlight lens replacement,Collision,Luxury Sedan,150,650,400,1.2,Ready (1-2 days),
Headlight lens replacement,Collision,Luxury SUV,150,700,400,1.1,Ready (1-2 days),
Taillight assembly replacement,Collision,Economy/Compact,150,750,450,1.6,Ready (1-2 days),
Taillight assembly replacement,Collision,Mid-size Sedan,200,900,550,3.0,Ready (1-2 days),
Taillight assembly replacement,Collision,Full-size Sedan,200,950,550,2.3,Ready (1-2 days),
Taillight assembly replacement,Collision,Compact SUV/Crossover,200,1000,600,2.0,Ready (1-2 days),
Taillight assembly replacement,Collision,Mid-size SUV,250,1100,650,1.8,Ready (1-2 days),
Taillight assembly replacement,Collision,Full-size SUV/Truck,250,1250,750,3.9,Standard (3-5 days),
Taillight assembly replacement,Collision,Luxury Sedan,300,1450,850,1.9,Ready (1-2 days),
Taillight assembly replacement,Collision,Luxury SUV,350,1600,950,6.0,Ready (1-2 days),
Side mirror replacement,Collision,Economy/Compact,100,500,300,1.8,Ready (1-2 days),
Side mirror replacement,Collision,Mid-size Sedan,150,600,350,1.7,Extended (1-2 weeks),
Side mirror replacement,Collision,Full-size Sedan,150,650,400,1.7,Standard (3-5 days),
Side mirror replacement,Collision,Compact SUV/Crossover,150,650,400,2.1,Specialty (2-4 weeks),
Side mirror replacement,Collision,Mid-size SUV,150,750,450,1.7,Extended (1-2 weeks),
Side mirror replacement,Collision,Full-size SUV/Truck,200,800,500,2.6,Standard (3-5 days),
Side mirror replacement,Collision,Luxury Sedan,200,950,550,2.1,Ready (1-2 days),
Side mirror replacement,Collision,Luxury SUV,250,1050,650,1.2,Ready (1-2 days),
Airbag deployment repair (1 bag),Collision,Economy/Compact,850,2100,1450,1.6,Standard (3-5 days),OEM parts required; aftermarket airbags not acceptable; scan for supplemental bag deployment
Airbag deployment repair (1 bag),Collision,Mid-size Sedan,1000,2500,1750,3.7,Ready (1-2 days),OEM parts required; aftermarket airbags not acceptable; scan for supplemental bag deployment
Airbag deployment repair (1 bag),Collision,Full-size Sedan,1100,2750,1900,2.0,Extended (1-2 weeks),OEM parts required; aftermarket airbags not acceptable; scan for supplemental bag deployment
Airbag deployment repair (1 bag),Collision,Compact SUV/Crossover,1150,2850,2000,11.7,Standard (3-5 days),OEM parts required; aftermarket airbags not acceptable; scan for supplemental bag deployment
Airbag deployment repair (1 bag),Collision,Mid-size SUV,1250,3100,2150,4.8,Ready (1-2 days),OEM parts required; aftermarket airbags not acceptable; scan for supplemental bag deployment
Airbag deployment repair (1 bag),Collision,Full-size SUV/Truck,1400,3500,2450,5.5,Ready (1-2 days),OEM parts required; aftermarket airbags not acceptable; scan for supplemental bag deployment
Airbag deployment repair (1 bag),Collision,Luxury Sedan,1650,4100,2850,3.8,Ready (1-2 days),OEM parts required; aftermarket airbags not acceptable; scan for supplemental bag deployment
Airbag deployment repair (1 bag),Collision,Luxury SUV,1800,4500,3150,6.3,Specialty (2-4 weeks),OEM parts required; aftermarket airbags not acceptable; scan for supplemental bag deployment
Airbag deployment repair (dual),Collision,Economy/Compact,1700,3800,2750,17.9,Standard (3-5 days),OEM parts required; aftermarket airbags not acceptable; scan for supplemental bag deployment
Airbag deployment repair (dual),Collision,Mid-size Sedan,2000,4500,3250,6.1,Specialty (2-4 weeks),OEM parts required; aftermarket airbags not acceptable; scan for supplemental bag deployment
Airbag deployment repair (dual),Collision,Full-size Sedan,2200,4950,3550,8.0,Ready (1-2 days),OEM parts required; aftermarket airbags not acceptable; scan for supplemental bag deployment
Airbag deployment repair (dual),Collision,Compact SUV/Crossover,2300,5150,3700,1.0,Ready (1-2 days),OEM parts required; aftermarket airbags not acceptable; scan for supplemental bag deployment
Airbag deployment repair (dual),Collision,Mid-size SUV,2500,5600,4050,13.3,Standard (3-5 days),OEM parts required; aftermarket airbags not acceptable; scan for supplemental bag deployment
Airbag deployment repair (dual),Collision,Full-size SUV/Truck,2800,6300,4550,6.9,Standard (3-5 days),OEM parts required; aftermarket airbags not acceptable; scan for supplemental bag deployment
Airbag deployment repair (dual),Collision,Luxury Sedan,3300,7400,5350,1.2,Ready (1-2 days),OEM parts required; aftermarket airbags not acceptable; scan for supplemental bag deployment
Airbag deployment repair (dual),Collision,Luxury SUV,3600,8100,5850,4.4,Ready (1-2 days),OEM parts required; aftermarket airbags not acceptable; scan for supplemental bag deployment
Frame straightening (minor),Collision,Economy/Compact,400,1250,800,1.2,Ready (1-2 days),Structural repair requires certified technician; some repairs may affect resale value
Frame straightening (minor),Collision,Mid-size Sedan,500,1500,1000,2.7,Ready (1-2 days),Structural repair requires certified technician; some repairs may affect resale value
Frame straightening (minor),Collision,Full-size Sedan,550,1650,1100,4.7,Standard (3-5 days),Structural repair requires certified technician; some repairs may affect resale value
Frame straightening (minor),Collision,Compact SUV/Crossover,550,1700,1100,5.8,Standard (3-5 days),Structural repair requires certified technician; some repairs may affect resale value
Frame straightening (minor),Collision,Mid-size SUV,600,1850,1200,6.0,Extended (1-2 weeks),Structural repair requires certified technician; some repairs may affect resale value
Frame straightening (minor),Collision,Full-size SUV/Truck,700,2100,1400,4.2,Ready (1-2 days),Structural repair requires certified technician; some repairs may affect resale value
Frame straightening (minor),Collision,Luxury Sedan,800,2450,1600,10.5,Ready (1-2 days),Structural repair requires certified technician; some repairs may affect resale value
Frame straightening (minor),Collision,Luxury SUV,900,2700,1800,9.0,Standard (3-5 days),Structural repair requires certified technician; some repairs may affect resale value
Frame straightening (major),Collision,Economy/Compact,1250,3400,2300,1.6,Extended (1-2 weeks),Structural repair requires certified technician; some repairs may affect resale value
Frame straightening (major),Collision,Mid-size Sedan,1500,4000,2750,16.5,Standard (3-5 days),Structural repair requires certified technician; some repairs may affect resale value
Frame straightening (major),Collision,Full-size Sedan,1650,4400,3000,14.9,Extended (1-2 weeks),Structural repair requires certified technician; some repairs may affect resale value
Frame straightening (major),Collision,Compact SUV/Crossover,1700,4600,3150,3.8,Standard (3-5 days),Structural repair requires certified technician; some repairs may affect resale value
Frame straightening (major),Collision,Mid-size SUV,1850,5000,3400,11.9,Extended (1-2 weeks),Structural repair requires certified technician; some repairs may affect resale value
Frame straightening (major),Collision,Full-size SUV/Truck,2100,5600,3850,20.8,Extended (1-2 weeks),Structural repair requires certified technician; some repairs may affect resale value
Frame straightening (major),Collision,Luxury Sedan,2450,6600,4500,17.9,Extended (1-2 weeks),Structural repair requires certified technician; some repairs may affect resale value
Frame straightening (major),Collision,Luxury SUV,2700,7200,4950,22.9,Standard (3-5 days),Structural repair requires certified technician; some repairs may affect resale value
Radiator replacement,Collision,Economy/Compact,300,1000,650,1.8,Ready (1-2 days),
Radiator replacement,Collision,Mid-size Sedan,400,1200,800,1.6,Ready (1-2 days),
Radiator replacement,Collision,Full-size Sedan,400,1300,850,1.5,Extended (1-2 weeks),
Radiator replacement,Collision,Compact SUV/Crossover,450,1350,900,3.8,Standard (3-5 days),
Radiator replacement,Collision,Mid-size SUV,500,1500,1000,4.5,Standard (3-5 days),
Radiator replacement,Collision,Full-size SUV/Truck,550,1650,1100,4.1,Ready (1-2 days),
Radiator replacement,Collision,Luxury Sedan,650,1950,1300,7.1,Standard (3-5 days),
Radiator replacement,Collision,Luxury SUV,700,2150,1400,5.2,Standard (3-5 days),
Coolant system repair,Collision,Economy/Compact,250,750,500,2.5,Ready (1-2 days),
Coolant system repair,Collision,Mid-size Sedan,300,900,600,3.2,Ready (1-2 days),
Coolant system repair,Collision,Full-size Sedan,300,950,600,1.2,Ready (1-2 days),
Coolant system repair,Collision,Compact SUV/Crossover,300,1000,650,3.4,Ready (1-2 days),
Coolant system repair,Collision,Mid-size SUV,350,1100,700,3.7,Specialty (2-4 weeks),
Coolant system repair,Collision,Full-size SUV/Truck,400,1250,800,3.1,Ready (1-2 days),
Coolant system repair,Collision,Luxury Sedan,450,1450,950,3.6,Standard (3-5 days),
Coolant system repair,Collision,Luxury SUV,500,1600,1050,5.6,Standard (3-5 days),
Suspension repair (front),Collision,Economy/Compact,500,1700,1100,5.1,Ready (1-2 days),
Suspension repair (front),Collision,Mid-size Sedan,600,2000,1300,2.1,Ready (1-2 days),
Suspension repair (front),Collision,Full-size Sedan,650,2200,1400,7.2,Ready (1-2 days),
Suspension repair (front),Collision,Compact SUV/Crossover,650,2300,1450,5.9,Ready (1-2 days),
Suspension repair (front),Collision,Mid-size SUV,750,2500,1600,1.6,Ready (1-2 days),
Suspension repair (front),Collision,Full-size SUV/Truck,800,2800,1800,8.4,Standard (3-5 days),
Suspension repair (front),Collision,Luxury Sedan,950,3300,2100,9.8,Ready (1-2 days),
Suspension repair (front),Collision,Luxury SUV,1050,3600,2300,8.4,Ready (1-2 days),
Suspension repair (rear),Collision,Economy/Compact,400,1500,950,3.5,Ready (1-2 days),
Suspension repair (rear),Collision,Mid-size Sedan,500,1800,1150,7.0,Ready (1-2 days),
Suspension repair (rear),Collision,Full-size Sedan,550,1950,1250,8.2,Extended (1-2 weeks),
Suspension repair (rear),Collision,Compact SUV/Crossover,550,2050,1300,1.1,Ready (1-2 days),
Suspension repair (rear),Collision,Mid-size SUV,600,2250,1400,7.8,Specialty (2-4 weeks),
Suspension repair (rear),Collision,Full-size SUV/Truck,700,2500,1600,5.3,Ready (1-2 days),
Suspension repair (rear),Collision,Luxury Sedan,800,2950,1850,3.4,Extended (1-2 weeks),
Suspension repair (rear),Collision,Luxury SUV,900,3200,2050,3.7,Standard (3-5 days),
Control arm replacement,Collision,Economy/Compact,300,1000,650,1.5,Standard (3-5 days),
Control arm replacement,Collision,Mid-size Sedan,400,1200,800,5.1,Ready (1-2 days),
Control arm replacement,Collision,Full-size Sedan,400,1300,850,4.8,Standard (3-5 days),
Control arm replacement,Collision,Compact SUV/Crossover,450,1350,900,5.4,Standard (3-5 days),
Control arm replacement,Collision,Mid-size SUV,500,1500,1000,2.3,Extended (1-2 weeks),
Control arm replacement,Collision,Full-size SUV/Truck,550,1650,1100,4.1,Ready (1-2 days),
Control arm replacement,Collision,Luxury Sedan,650,1950,1300,1.0,Ready (1-2 days),
Control arm replacement,Collision,Luxury SUV,700,2150,1400,4.8,Ready (1-2 days),
Strut replacement (pair),Collision,Economy/Compact,500,1500,1000,1.8,Ready (1-2 days),
Strut replacement (pair),Collision,Mid-size Sedan,600,1800,1200,3.2,Extended (1-2 weeks),
Strut replacement (pair),Collision,Full-size Sedan,650,1950,1300,1.0,Standard (3-5 days),
Strut replacement (pair),Collision,Compact SUV/Crossover,650,2050,1350,7.7,Ready (1-2 days),
Strut replacement (pair),Collision,Mid-size SUV,750,2250,1500,9.3,Standard (3-5 days),
Strut replacement (pair),Collision,Full-size SUV/Truck,800,2500,1650,10.0,Ready (1-2 days),
Strut replacement (pair),Collision,Luxury Sedan,950,2950,1950,5.5,Ready (1-2 days),
Strut replacement (pair),Collision,Luxury SUV,1050,3200,2100,14.0,Standard (3-5 days),
Wheel/rim replacement,Collision,Economy/Compact,150,650,400,1.6,Ready (1-2 days),
Wheel/rim replacement,Collision,Mid-size Sedan,200,800,500,1.6,Ready (1-2 days),
Wheel/rim replacement,Collision,Full-size Sedan,200,850,500,1.2,Extended (1-2 weeks),
Wheel/rim replacement,Collision,Compact SUV/Crossover,200,900,550,1.8,Extended (1-2 weeks),
Wheel/rim replacement,Collision,Mid-size SUV,250,1000,600,1.7,Ready (1-2 days),
Wheel/rim replacement,Collision,Full-size SUV/Truck,250,1100,650,2.7,Ready (1-2 days),
Wheel/rim replacement,Collision,Luxury Sedan,300,1300,800,2.6,Specialty (2-4 weeks),
Wheel/rim replacement,Collision,Luxury SUV,350,1400,850,5.1,Extended (1-2 weeks),
Tire replacement (single),Collision,Economy/Compact,100,400,250,1.6,Extended (1-2 weeks),
Tire replacement (single),Collision,Mid-size Sedan,150,500,300,1.9,Standard (3-5 days),
Tire replacement (single),Collision,Full-size Sedan,150,550,350,2.0,Ready (1-2 days),
Tire replacement (single),Collision,Compact SUV/Crossover,150,550,350,2.0,Ready (1-2 days),
Tire replacement (single),Collision,Mid-size SUV,150,600,350,2.0,Standard (3-5 days),
Tire replacement (single),Collision,Full-size SUV/Truck,200,700,450,1.6,Ready (1-2 days),
Tire replacement (single),Collision,Luxury Sedan,200,800,500,3.2,Ready (1-2 days),
Tire replacement (single),Collision,Luxury SUV,250,900,550,2.3,Ready (1-2 days),
Axle repair/replacement,Collision,Economy/Compact,650,2100,1350,3.4,Standard (3-5 days),
Axle repair/replacement,Collision,Mid-size Sedan,800,2500,1650,10.8,Ready (1-2 days),
Axle repair/replacement,Collision,Full-size Sedan,850,2750,1800,8.2,Ready (1-2 days),
Axle repair/replacement,Collision,Compact SUV/Crossover,900,2850,1850,7.3,Ready (1-2 days),
Axle repair/replacement,Collision,Mid-size SUV,1000,3100,2050,3.1,Ready (1-2 days),
Axle repair/replacement,Collision,Full-size SUV/Truck,1100,3500,2300,4.0,Extended (1-2 weeks),
Axle repair/replacement,Collision,Luxury Sedan,1300,4100,2700,9.5,Ready (1-2 days),
Axle repair/replacement,Collision,Luxury SUV,1400,4500,2950,17.9,Specialty (2-4 weeks),
Transmission damage (collision),Collision,Economy/Compact,1700,5100,3400,10.7,Ready (1-2 days),
Transmission damage (collision),Collision,Mid-size Sedan,2000,6000,4000,5.9,Ready (1-2 days),
Transmission damage (collision),Collision,Full-size Sedan,2200,6600,4400,10.7,Ready (1-2 days),
Transmission damage (collision),Collision,Compact SUV/Crossover,2300,6850,4550,8.0,Ready (1-2 days),
Transmission damage (collision),Collision,Mid-size SUV,2500,7500,5000,19.4,Extended (1-2 weeks),
Transmission damage (collision),Collision,Full-size SUV/Truck,2800,8400,5600,28.2,Ready (1-2 days),
Transmission damage (collision),Collision,Luxury Sedan,3300,9900,6600,18.8,Standard (3-5 days),
Transmission damage (collision),Collision,Luxury SUV,3600,10800,7200,18.7,Ready (1-2 days),
Engine damage (collision),Collision,Economy/Compact,2550,10200,6350,3.6,Ready (1-2 days),
Engine damage (collision),Collision,Mid-size Sedan,3000,12000,7500,48.4,Ready (1-2 days),
Engine damage (collision),Collision,Full-size Sedan,3300,13200,8250,28.2,Standard (3-5 days),
Engine damage (collision),Collision,Compact SUV/Crossover,3400,13750,8550,49.3,Ready (1-2 days),
Engine damage (collision),Collision,Mid-size SUV,3750,15000,9350,17.6,Ready (1-2 days),
Engine damage (collision),Collision,Full-size SUV/Truck,4200,16800,10500,28.6,Ready (1-2 days),
Engine damage (collision),Collision,Luxury Sedan,4950,19800,12350,78.6,Extended (1-2 weeks),
Engine damage (collision),Collision,Luxury SUV,5400,21600,13500,78.7,Ready (1-2 days),
Flood damage – interior,Comprehensive,Economy/Compact,1700,12750,7200,2.5,Standard (3-5 days),Total loss likely if electrical systems affected; inspect before repair estimate
Flood damage – interior,Comprehensive,Mid-size Sedan,2000,15000,8500,50.9,Ready (1-2 days),Total loss likely if electrical systems affected; inspect before repair estimate
Flood damage – interior,Comprehensive,Full-size Sedan,2200,16500,9350,37.0,Ready (1-2 days),Total loss likely if electrical systems affected; inspect before repair estimate
Flood damage – interior,Comprehensive,Compact SUV/Crossover,2300,17250,9750,26.1,Extended (1-2 weeks),Total loss likely if electrical systems affected; inspect before repair estimate
Flood damage – interior,Comprehensive,Mid-size SUV,2500,18750,10600,58.5,Extended (1-2 weeks),Total loss likely if electrical systems affected; inspect before repair estimate
Flood damage – interior,Comprehensive,Full-size SUV/Truck,2800,21000,11900,77.2,Ready (1-2 days),Total loss likely if electrical systems affected; inspect before repair estimate
Flood damage – interior,Comprehensive,Luxury Sedan,3300,24750,14000,11.1,Ready (1-2 days),Total loss likely if electrical systems affected; inspect before repair estimate
Flood damage – interior,Comprehensive,Luxury SUV,3600,27000,15300,53.8,Standard (3-5 days),Total loss likely if electrical systems affected; inspect before repair estimate
Flood damage – electrical,Comprehensive,Economy/Compact,1250,6800,4000,25.2,Standard (3-5 days),Total loss likely if electrical systems affected; inspect before repair estimate
Flood damage – electrical,Comprehensive,Mid-size Sedan,1500,8000,4750,20.9,Standard (3-5 days),Total loss likely if electrical systems affected; inspect before repair estimate
Flood damage – electrical,Comprehensive,Full-size Sedan,1650,8800,5200,16.4,Standard (3-5 days),Total loss likely if electrical systems affected; inspect before repair estimate
Flood damage – electrical,Comprehensive,Compact SUV/Crossover,1700,9200,5450,2.4,Standard (3-5 days),Total loss likely if electrical systems affected; inspect before repair estimate
Flood damage – electrical,Comprehensive,Mid-size SUV,1850,10000,5900,9.9,Extended (1-2 weeks),Total loss likely if electrical systems affected; inspect before repair estimate
Flood damage – electrical,Comprehensive,Full-size SUV/Truck,2100,11200,6650,29.0,Ready (1-2 days),Total loss likely if electrical systems affected; inspect before repair estimate
Flood damage – electrical,Comprehensive,Luxury Sedan,2450,13200,7800,7.5,Ready (1-2 days),Total loss likely if electrical systems affected; inspect before repair estimate
Flood damage – electrical,Comprehensive,Luxury SUV,2700,14400,8550,36.6,Standard (3-5 days),Total loss likely if electrical systems affected; inspect before repair estimate
Fire damage (partial),Comprehensive,Economy/Compact,2550,8500,5500,5.0,Ready (1-2 days),
Fire damage (partial),Comprehensive,Mid-size Sedan,3000,10000,6500,23.2,Standard (3-5 days),
Fire damage (partial),Comprehensive,Full-size Sedan,3300,11000,7150,19.1,Ready (1-2 days),
Fire damage (partial),Comprehensive,Compact SUV/Crossover,3400,11500,7450,30.3,Ready (1-2 days),
Fire damage (partial),Comprehensive,Mid-size SUV,3750,12500,8100,17.0,Ready (1-2 days),
Fire damage (partial),Comprehensive,Full-size SUV/Truck,4200,14000,9100,58.2,Standard (3-5 days),
Fire damage (partial),Comprehensive,Luxury Sedan,4950,16500,10700,63.2,Ready (1-2 days),
Fire damage (partial),Comprehensive,Luxury SUV,5400,18000,11700,19.1,Ready (1-2 days),
Fire damage (total loss candidate),Comprehensive,Economy/Compact,6800,25500,16150,103.5,Standard (3-5 days),
Fire damage (total loss candidate),Comprehensive,Mid-size Sedan,8000,30000,19000,39.6,Ready (1-2 days),
Fire damage (total loss candidate),Comprehensive,Full-size Sedan,8800,33000,20900,69.9,Standard (3-5 days),
Fire damage (total loss candidate),Comprehensive,Compact SUV/Crossover,9200,34500,21850,61.8,Ready (1-2 days),
Fire damage (total loss candidate),Comprehensive,Mid-size SUV,10000,37500,23750,106.0,Extended (1-2 weeks),
Fire damage (total loss candidate),Comprehensive,Full-size SUV/Truck,11200,42000,26600,41.0,Ready (1-2 days),
Fire damage (total loss candidate),Comprehensive,Luxury Sedan,13200,49500,31350,71.3,Ready (1-2 days),
Fire damage (total loss candidate),Comprehensive,Luxury SUV,14400,54000,34200,155.9,Ready (1-2 days),
Vandalism – keying,Comprehensive,Economy/Compact,400,2100,1250,6.8,Standard (3-5 days),
Vandalism – keying,Comprehensive,Mid-size Sedan,500,2500,1500,5.5,Ready (1-2 days),
Vandalism – keying,Comprehensive,Full-size Sedan,550,2750,1650,10.7,Ready (1-2 days),
Vandalism – keying,Comprehensive,Compact SUV/Crossover,550,2850,1700,9.5,Ready (1-2 days),
Vandalism – keying,Comprehensive,Mid-size SUV,600,3100,1850,3.5,Standard (3-5 days),
Vandalism – keying,Comprehensive,Full-size SUV/Truck,700,3500,2100,4.8,Specialty (2-4 weeks),
Vandalism – keying,Comprehensive,Luxury Sedan,800,4100,2450,8.6,Ready (1-2 days),
Vandalism – keying,Comprehensive,Luxury SUV,900,4500,2700,4.8,Ready (1-2 days),
Vandalism – slashed tires (4x),Comprehensive,Economy/Compact,500,1350,900,4.3,Extended (1-2 weeks),
Vandalism – slashed tires (4x),Comprehensive,Mid-size Sedan,600,1600,1100,1.9,Ready (1-2 days),
Vandalism – slashed tires (4x),Comprehensive,Full-size Sedan,650,1750,1200,2.5,Specialty (2-4 weeks),
Vandalism – slashed tires (4x),Comprehensive,Compact SUV/Crossover,650,1800,1200,2.0,Ready (1-2 days),
Vandalism – slashed tires (4x),Comprehensive,Mid-size SUV,750,2000,1350,1.5,Ready (1-2 days),
Vandalism – slashed tires (4x),Comprehensive,Full-size SUV/Truck,800,2200,1500,9.1,Extended (1-2 weeks),
Vandalism – slashed tires (4x),Comprehensive,Luxury Sedan,950,2600,1750,8.8,Specialty (2-4 weeks),
Vandalism – slashed tires (4x),Comprehensive,Luxury SUV,1050,2850,1950,12.2,Ready (1-2 days),
Vandalism – broken windows,Comprehensive,Economy/Compact,250,750,500,1.4,Extended (1-2 weeks),
Vandalism – broken windows,Comprehensive,Mid-size Sedan,300,900,600,3.2,Ready (1-2 days),
Vandalism – broken windows,Comprehensive,Full-size Sedan,300,950,600,3.0,Ready (1-2 days),
Vandalism – broken windows,Comprehensive,Compact SUV/Crossover,300,1000,650,2.2,Ready (1-2 days),
Vandalism – broken windows,Comprehensive,Mid-size SUV,350,1100,700,1.6,Ready (1-2 days),
Vandalism – broken windows,Comprehensive,Full-size SUV/Truck,400,1250,800,2.2,Ready (1-2 days),
Vandalism – broken windows,Comprehensive,Luxury Sedan,450,1450,950,6.1,Ready (1-2 days),
Vandalism – broken windows,Comprehensive,Luxury SUV,500,1600,1050,6.8,Ready (1-2 days),
Animal strike – deer (front),Comprehensive,Economy/Compact,1250,4250,2750,7.2,Extended (1-2 weeks),
Animal strike – deer (front),Comprehensive,Mid-size Sedan,1500,5000,3250,18.0,Ready (1-2 days),
Animal strike – deer (front),Comprehensive,Full-size Sedan,1650,5500,3550,2.1,Ready (1-2 days),
Animal strike – deer (front),Comprehensive,Compact SUV/Crossover,1700,5750,3700,9.8,Extended (1-2 weeks),
Animal strike – deer (front),Comprehensive,Mid-size SUV,1850,6250,4050,6.0,Ready (1-2 days),
Animal strike – deer (front),Comprehensive,Full-size SUV/Truck,2100,7000,4550,27.3,Ready (1-2 days),
Animal strike – deer (front),Comprehensive,Luxury Sedan,2450,8250,5350,15.2,Extended (1-2 weeks),
Animal strike – deer (front),Comprehensive,Luxury SUV,2700,9000,5850,30.1,Ready (1-2 days),
Animal strike – deer (moderate),Comprehensive,Economy/Compact,650,2100,1350,1.3,Ready (1-2 days),
Animal strike – deer (moderate),Comprehensive,Mid-size Sedan,800,2500,1650,10.2,Ready (1-2 days),
Animal strike – deer (moderate),Comprehensive,Full-size Sedan,850,2750,1800,9.2,Extended (1-2 weeks),
Animal strike – deer (moderate),Comprehensive,Compact SUV/Crossover,900,2850,1850,4.8,Ready (1-2 days),
Animal strike – deer (moderate),Comprehensive,Mid-size SUV,1000,3100,2050,13.1,Standard (3-5 days),
Animal strike – deer (moderate),Comprehensive,Full-size SUV/Truck,1100,3500,2300,4.8,Standard (3-5 days),
Animal strike – deer (moderate),Comprehensive,Luxury Sedan,1300,4100,2700,6.4,Ready (1-2 days),
Animal strike – deer (moderate),Comprehensive,Luxury SUV,1400,4500,2950,1.1,Standard (3-5 days),
Falling tree branch (roof/hood),Comprehensive,Economy/Compact,850,3400,2100,12.9,Standard (3-5 days),
Falling tree branch (roof/hood),Comprehensive,Mid-size Sedan,1000,4000,2500,15.8,Ready (1-2 days),
Falling tree branch (roof/hood),Comprehensive,Full-size Sedan,1100,4400,2750,5.1,Ready (1-2 days),
Falling tree branch (roof/hood),Comprehensive,Compact SUV/Crossover,1150,4600,2850,18.2,Specialty (2-4 weeks),
Falling tree branch (roof/hood),Comprehensive,Mid-size SUV,1250,5000,3100,8.6,Ready (1-2 days),
Falling tree branch (roof/hood),Comprehensive,Full-size SUV/Truck,1400,5600,3500,10.6,Ready (1-2 days),
Falling tree branch (roof/hood),Comprehensive,Luxury Sedan,1650,6600,4100,25.4,Ready (1-2 days),
Falling tree branch (roof/hood),Comprehensive,Luxury SUV,1800,7200,4500,24.3,Standard (3-5 days),
Theft – partial (catalytic converter),Comprehensive,Economy/Compact,1000,2550,1750,9.8,Standard (3-5 days),
Theft – partial (catalytic converter),Comprehensive,Mid-size Sedan,1200,3000,2100,8.9,Ready (1-2 days),
Theft – partial (catalytic converter),Comprehensive,Full-size Sedan,1300,3300,2300,5.6,Ready (1-2 days),
Theft – partial (catalytic converter),Comprehensive,Compact SUV/Crossover,1350,3400,2350,12.5,Ready (1-2 days),
Theft – partial (catalytic converter),Comprehensive,Mid-size SUV,1500,3750,2600,4.2,Standard (3-5 days),
Theft – partial (catalytic converter),Comprehensive,Full-size SUV/Truck,1650,4200,2900,5.5,Ready (1-2 days),
Theft – partial (catalytic converter),Comprehensive,Luxury Sedan,1950,4950,3450,1.7,Standard (3-5 days),
Theft – partial (catalytic converter),Comprehensive,Luxury SUV,2150,5400,3750,8.8,Specialty (2-4 weeks),
Interior theft damage,Comprehensive,Economy/Compact,400,1700,1050,6.3,Specialty (2-4 weeks),
Interior theft damage,Comprehensive,Mid-size Sedan,500,2000,1250,2.9,Ready (1-2 days),
Interior theft damage,Comprehensive,Full-size Sedan,550,2200,1350,1.8,Ready (1-2 days),
Interior theft damage,Comprehensive,Compact SUV/Crossover,550,2300,1400,6.9,Ready (1-2 days),
Interior theft damage,Comprehensive,Mid-size SUV,600,2500,1550,3.2,Ready (1-2 days),
Interior theft damage,Comprehensive,Full-size SUV/Truck,700,2800,1750,7.6,Standard (3-5 days),
Interior theft damage,Comprehensive,Luxury Sedan,800,3300,2050,10.5,Extended (1-2 weeks),
Interior theft damage,Comprehensive,Luxury SUV,900,3600,2250,10.3,Ready (1-2 days),
Towing + storage (per incident),N/A,Economy/Compact,100,400,250,1.8,Ready (1-2 days),
Towing + storage (per incident),N/A,Mid-size Sedan,150,500,300,1.6,Ready (1-2 days),
Towing + storage (per incident),N/A,Full-size Sedan,150,550,350,2.0,Ready (1-2 days),
Towing + storage (per incident),N/A,Compact SUV/Crossover,150,550,350,1.3,Ready (1-2 days),
Towing + storage (per incident),N/A,Mid-size SUV,150,600,350,1.2,Extended (1-2 weeks),
Towing + storage (per incident),N/A,Full-size SUV/Truck,200,700,450,2.2,Ready (1-2 days),
Towing + storage (per incident),N/A,Luxury Sedan,200,800,500,1.9,Specialty (2-4 weeks),
Towing + storage (per incident),N/A,Luxury SUV,250,900,550,2.4,Ready (1-2 days),
